idUporabnik;classify;classify_count
17;+;18
17;-;85
17theone;+;67
17theone;-;120
19miha90;+;132
19miha90;-;155
4-3-2-1;+;58
4-3-2-1;-;131
420;+;91
420;-;142
88dejo88;+;65
88dejo88;-;38
99-or-1;+;75
99-or-1;-;143
a-dee-jay;+;27
a-dee-jay;-;93
a-orhidejca;+;116
a-orhidejca;-;252
a123b;+;25
a123b;-;84
abeta;+;15
abeta;-;67
abndbn;+;18
abndbn;-;59
aboveu;+;71
aboveu;-;250
accko;+;38
accko;-;91
acinho;+;45
acinho;-;241
adijo-svet;+;222
adijo-svet;-;519
agent-perry;+;370
agent-perry;-;805
aki10;+;58
aki10;-;74
alanhansen;+;25
alanhansen;-;62
albus;+;52
albus;-;49
alcarin;+;20
alcarin;-;67
alek;+;108
alek;-;110
alen64;+;11
alen64;-;166
ales24;+;76
ales24;-;59
alexiush;+;183
alexiush;-;268
alfi2;+;21
alfi2;-;46
alikasmu-anje;+;81
alikasmu-anje;-;17
alisha-8mg3;+;130
alisha-8mg3;-;78
alkum;+;41
alkum;-;167
alojzr;+;11
alojzr;-;89
am-shagar;+;20
am-shagar;-;148
an-e-ciuf;+;35
an-e-ciuf;-;52
anakin-skywalker;+;16
anakin-skywalker;-;55
andrejm-yj8h;+;20
andrejm-yj8h;-;53
andz;+;35
andz;-;55
angelmanuel;+;25
angelmanuel;-;54
ankorn;+;63
ankorn;-;130
anny22;+;81
anny22;-;125
anze82;+;77
anze82;-;120
anzi23;+;101
anzi23;-;111
arawn;+;30
arawn;-;75
aresnica;+;45
aresnica;-;30
arking;+;24
arking;-;78
arli23;+;105
arli23;-;548
arnolfus;+;18
arnolfus;-;59
arsenal_fan1;+;332
arsenal_fan1;-;679
arso;+;49
arso;-;67
arto77;+;36
arto77;-;110
arts7yle;+;118
arts7yle;-;91
aschkao;+;31
aschkao;-;35
ashme;+;91
ashme;-;199
aski;+;197
aski;-;169
assange;+;53
assange;-;165
as_kgarnett;+;229
as_kgarnett;-;58
ata;+;32
ata;-;39
atacar;+;46
atacar;-;39
atm;+;26
atm;-;103
atomx;+;48
atomx;-;35
aufbiks-v2ft;+;146
aufbiks-v2ft;-;401
avantura10;+;12
avantura10;-;56
axx;+;36
axx;-;70
ayrton79;+;19
ayrton79;-;57
b-in;+;95
b-in;-;279
b1;+;16
b1;-;83
backless;+;24
backless;-;102
bad-o;+;32
bad-o;-;39
bala;+;205
bala;-;193
balestra92;+;88
balestra92;-;327
bamfi;+;43
bamfi;-;45
barca10;+;71
barca10;-;104
barca14;+;62
barca14;-;72
barca_4_ever;+;48
barca_4_ever;-;114
barezi;+;38
barezi;-;46
barracuda-u6le;+;26
barracuda-u6le;-;99
barto_;+;26
barto_;-;44
bata1967;+;91
bata1967;-;227
bb_44;+;46
bb_44;-;221
belfast-boy;+;42
belfast-boy;-;131
belphegor;+;29
belphegor;-;108
bethtempete;+;27
bethtempete;-;85
biebermaniac;+;18
biebermaniac;-;99
bigbadbruin;+;14
bigbadbruin;-;74
bjorndalen-tiala;+;25
bjorndalen-tiala;-;47
blackadder-7v91;+;17
blackadder-7v91;-;56
blamethagame;+;57
blamethagame;-;27
blazm;+;109
blazm;-;216
blazz;+;68
blazz;-;175
bliki;+;159
bliki;-;66
blitz;+;16
blitz;-;59
bob-q82o;+;73
bob-q82o;-;45
bobbek;+;264
bobbek;-;404
boboman;+;26
boboman;-;98
bobr;+;8
bobr;-;76
boby21;+;41
boby21;-;122
bobym;+;22
bobym;-;77
bodimo_realni;+;57
bodimo_realni;-;55
bojan55;+;37
bojan55;-;46
bojanec;+;63
bojanec;-;21
bolhca;+;24
bolhca;-;153
bondi;+;246
bondi;-;308
bonifika123;+;14
bonifika123;-;93
boomslang;+;22
boomslang;-;66
bor-v;+;41
bor-v;-;158
bor10ut;+;87
bor10ut;-;34
borut1991;+;54
borut1991;-;44
bostjan-brunec;+;104
bostjan-brunec;-;90
bozz;+;31
bozz;-;105
branc;+;36
branc;-;54
branko57;+;151
branko57;-;292
branvan30000;+;41
branvan30000;-;84
brasilinho7777;+;29
brasilinho7777;-;78
bregas;+;49
bregas;-;91
brehme;+;105
brehme;-;187
brico32;+;53
brico32;-;161
brigate-rosse;+;41
brigate-rosse;-;56
brisko;+;36
brisko;-;69
bro_die;+;79
bro_die;-;105
bsr;+;429
bsr;-;642
bubi-schumi;+;104
bubi-schumi;-;53
budspencer;+;87
budspencer;-;188
caedmon;+;35
caedmon;-;52
cak-mal-noris;+;21
cak-mal-noris;-;56
camel2;+;29
camel2;-;48
captain-obvious;+;73
captain-obvious;-;98
carbonfajbr;+;37
carbonfajbr;-;61
carlos_carlos;+;17
carlos_carlos;-;81
cartekmedo;+;548
cartekmedo;-;410
cecile;+;62
cecile;-;83
celec222;+;29
celec222;-;57
celjan2;+;45
celjan2;-;97
cepheus;+;30
cepheus;-;38
chamberlain;+;145
chamberlain;-;161
chelsea-hh;+;25
chelsea-hh;-;65
chelsea1111;+;24
chelsea1111;-;96
chelsea99;+;173
chelsea99;-;206
chi-bears-54;+;50
chi-bears-54;-;49
chopin;+;40
chopin;-;80
chosen;+;40
chosen;-;76
chupa;+;24
chupa;-;51
cicimici;+;21
cicimici;-;84
cini-minis;+;80
cini-minis;-;148
comrade;+;135
comrade;-;278
conchis;+;20
conchis;-;77
conquistador;+;35
conquistador;-;134
coreysteel;+;69
coreysteel;-;92
cricka;+;23
cricka;-;63
crnibog;+;90
crnibog;-;219
croman_1;+;56
croman_1;-;134
cslesce;+;57
cslesce;-;109
ctm;+;38
ctm;-;68
cungalunga007;+;65
cungalunga007;-;170
cvetaca-i0bc;+;42
cvetaca-i0bc;-;75
cyril;+;92
cyril;-;98
d-e-s-s;+;153
d-e-s-s;-;131
d-u-p-a;+;24
d-u-p-a;-;62
d-wade36;+;103
d-wade36;-;128
da-funk;+;25
da-funk;-;64
daayumn;+;15
daayumn;-;101
dad-t56c;+;12
dad-t56c;-;72
dadinho10;+;27
dadinho10;-;92
damirtankovic;+;347
damirtankovic;-;82
damjan-ozmec;+;52
damjan-ozmec;-;57
danger_mouse;+;25
danger_mouse;-;47
daryankoff;+;615
daryankoff;-;898
davide;+;19
davide;-;53
daywalker;+;37
daywalker;-;31
deadeye1;+;39
deadeye1;-;93
deancarni;+;18
deancarni;-;57
dejan1994;+;27
dejan1994;-;54
delux;+;104
delux;-;53
demetra;+;66
demetra;-;114
demiensatlier;+;106
demiensatlier;-;173
deninho1989;+;33
deninho1989;-;39
deniniho;+;48
deniniho;-;64
diazepam;+;102
diazepam;-;156
diego-armando;+;114
diego-armando;-;203
dimel;+;23
dimel;-;49
dinacc;+;40
dinacc;-;82
dirknowitzki;+;147
dirknowitzki;-;121
dirttrials;+;50
dirttrials;-;64
divac21;+;22
divac21;-;69
dobiica;+;85
dobiica;-;147
doblaek;+;26
doblaek;-;59
doblica;+;33
doblica;-;82
doda33;+;16
doda33;-;51
doktor-bauer;+;52
doktor-bauer;-;85
dolinc;+;36
dolinc;-;150
domen_92;+;27
domen_92;-;63
domobranec-ryen;+;101
domobranec-ryen;-;270
donkey;+;96
donkey;-;106
donkeyking;+;31
donkeyking;-;37
doubleog;+;11
doubleog;-;86
dp_mozart;+;25
dp_mozart;-;86
drago;+;24
drago;-;66
drash;+;45
drash;-;37
drawlord;+;75
drawlord;-;206
dreadlord;+;18
dreadlord;-;69
drjones;+;22
drjones;-;91
drncl;+;32
drncl;-;74
drop-dead;+;30
drop-dead;-;54
dusansilni;+;83
dusansilni;-;89
dylanus;+;65
dylanus;-;26
e-e;+;45
e-e;-;104
eagle012;+;82
eagle012;-;43
ebel-acroni;+;49
ebel-acroni;-;78
ekv;+;32
ekv;-;40
elemental;+;17
elemental;-;77
elko;+;40
elko;-;41
eltorro;+;10
eltorro;-;57
elvis1990;+;50
elvis1990;-;27
emlynhughes;+;59
emlynhughes;-;190
enigma1;+;79
enigma1;-;54
ennui;+;83
ennui;-;194
ermin;+;14
ermin;-;81
erwte35;+;31
erwte35;-;36
es-y8pg;+;41
es-y8pg;-;33
espero;+;31
espero;-;46
etienko;+;23
etienko;-;89
ettelewen;+;39
ettelewen;-;41
eu-bananistan;+;27
eu-bananistan;-;55
eva-longoria;+;34
eva-longoria;-;61
ezat_anim;+;179
ezat_anim;-;586
fabregas1991;+;144
fabregas1991;-;294
fairplayer;+;93
fairplayer;-;370
faktorx;+;25
faktorx;-;86
fanica28;+;190
fanica28;-;57
fc-mb;+;24
fc-mb;-;77
fedorov71;+;179
fedorov71;-;729
ferrari-fan;+;112
ferrari-fan;-;23
ferrari458;+;65
ferrari458;-;71
fini_gospod;+;27
fini_gospod;-;74
firebal-no-1;+;86
firebal-no-1;-;127
fireworker;+;66
fireworker;-;99
firnk-6clt;+;25
firnk-6clt;-;104
fissico;+;56
fissico;-;118
fleaa;+;156
fleaa;-;385
fndesjekl;+;46
fndesjekl;-;118
foofighter;+;100
foofighter;-;557
fosfat;+;114
fosfat;-;159
franc-pijanc;+;92
franc-pijanc;-;215
francek-xh6k;+;65
francek-xh6k;-;141
frank-james;+;22
frank-james;-;57
freestailo;+;26
freestailo;-;66
friks;+;288
friks;-;292
frutek01;+;46
frutek01;-;109
fudelaster;+;35
fudelaster;-;130
fuj_plagiatorji;+;38
fuj_plagiatorji;-;68
g1307;+;62
g1307;-;24
g33ky_fr34k;+;431
g33ky_fr34k;-;266
galaxy;+;29
galaxy;-;57
gapek;+;77
gapek;-;58
gappon;+;90
gappon;-;170
genniuuss;+;18
genniuuss;-;80
german;+;77
german;-;63
gesan;+;20
gesan;-;134
gigi76;+;7
gigi76;-;61
giroud;+;201
giroud;-;317
glasna;+;54
glasna;-;31
go-keith-go;+;11
go-keith-go;-;57
goalkeeper;+;20
goalkeeper;-;70
goat16;+;72
goat16;-;109
gor123;+;58
gor123;-;88
gordon;+;52
gordon;-;84
goskic;+;21
goskic;-;45
gpag;+;46
gpag;-;116
gravesen;+;189
gravesen;-;294
gregaa;+;20
gregaa;-;73
gregorb;+;227
gregorb;-;396
gregorsu;+;9
gregorsu;-;82
gregory2010;+;38
gregory2010;-;45
gregorzupancic;+;48
gregorzupancic;-;97
gregsa;+;160
gregsa;-;101
gregsz;+;165
gregsz;-;283
grobarrr;+;34
grobarrr;-;203
gromhellscream;+;42
gromhellscream;-;134
grugar;+;53
grugar;-;103
gumbler;+;31
gumbler;-;57
gumi;+;41
gumi;-;31
gunman55;+;35
gunman55;-;37
gunslinger;+;26
gunslinger;-;52
gushtr;+;88
gushtr;-;230
hafis;+;100
hafis;-;189
hanzy23;+;76
hanzy23;-;114
hardworker;+;16
hardworker;-;52
heinz;+;325
heinz;-;327
heldarion;+;23
heldarion;-;47
hepimen;+;60
hepimen;-;235
hijena;+;62
hijena;-;80
hladilnik;+;13
hladilnik;-;76
hrgotax;+;69
hrgotax;-;96
humwawaxaztur;+;51
humwawaxaztur;-;63
hyosung;+;33
hyosung;-;85
iawia;+;13
iawia;-;55
iceman-m96s;+;33
iceman-m96s;-;55
icetea;+;71
icetea;-;177
ice_devil;+;64
ice_devil;-;64
icos;+;42
icos;-;283
ics;+;43
ics;-;147
idaho;+;61
idaho;-;154
idared;+;143
idared;-;116
ikacbe;+;20
ikacbe;-;46
ikn1;+;16
ikn1;-;113
ime-egb7;+;40
ime-egb7;-;43
impact;+;30
impact;-;42
imre;+;127
imre;-;378
infostriker;+;32
infostriker;-;53
insider;+;82
insider;-;198
intojeto;+;34
intojeto;-;87
iowa;+;134
iowa;-;372
irobert;+;54
irobert;-;47
iuckylee-is-back;+;42
iuckylee-is-back;-;88
ivan-gudelj;+;42
ivan-gudelj;-;56
iztrd;+;174
iztrd;-;243
jaakaa;+;47
jaakaa;-;224
jaakaalj;+;54
jaakaalj;-;158
jackm8;+;34
jackm8;-;115
jaka93;+;64
jaka93;-;22
jakosol;+;94
jakosol;-;150
janbac;+;332
janbac;-;395
janezblond;+;51
janezblond;-;56
janezjanez-j057;+;46
janezjanez-j057;-;46
jang;+;81
jang;-;171
janiel74;+;128
janiel74;-;211
janko-luzar;+;52
janko-luzar;-;39
janko1973;+;356
janko1973;-;603
jasej1;+;37
jasej1;-;68
jasminelle;+;29
jasminelle;-;105
jast123;+;79
jast123;-;189
jay-6;+;52
jay-6;-;33
jbzt;+;28
jbzt;-;67
jcole;+;28
jcole;-;46
jd666;+;80
jd666;-;220
jedercan;+;44
jedercan;-;76
jernej-dodig;+;29
jernej-dodig;-;63
jernejzgur;+;71
jernejzgur;-;17
jeroflaek;+;36
jeroflaek;-;123
jerros;+;23
jerros;-;61
jest25;+;29
jest25;-;148
jezek_moli_moli;+;17
jezek_moli_moli;-;52
jlmezed;+;72
jlmezed;-;221
jo-epotrebuje;+;40
jo-epotrebuje;-;87
jodlzi;+;37
jodlzi;-;46
joe19;+;110
joe19;-;149
johnb;+;68
johnb;-;112
jojo7;+;31
jojo7;-;90
joshauboy;+;94
joshauboy;-;145
joy;+;284
joy;-;511
jujc;+;40
jujc;-;75
juninho8slo;+;106
juninho8slo;-;117
jureee;+;44
jureee;-;61
jurerock;+;31
jurerock;-;80
jure_bure;+;35
jure_bure;-;77
jure_mb;+;29
jure_mb;-;90
jurica;+;127
jurica;-;439
juveandlivar;+;32
juveandlivar;-;46
juventina10;+;77
juventina10;-;101
kafkaf;+;212
kafkaf;-;400
kai;+;33
kai;-;131
kanalija;+;83
kanalija;-;223
kapitan-kljuka;+;67
kapitan-kljuka;-;139
kar-eden;+;51
kar-eden;-;117
katalonec;+;30
katalonec;-;85
katana-p4zd;+;29
katana-p4zd;-;44
katastrofa;+;17
katastrofa;-;51
kauko;+;72
kauko;-;120
keketz;+;42
keketz;-;137
kenguru27;+;307
kenguru27;-;193
kentaurus;+;36
kentaurus;-;102
kimi12345;+;32
kimi12345;-;36
kindobovs;+;26
kindobovs;-;152
king23;+;31
king23;-;57
kingstone;+;24
kingstone;-;121
kipanaliwo;+;28
kipanaliwo;-;59
kjersoncenezaide;+;19
kjersoncenezaide;-;62
kla_man;+;35
kla_man;-;31
klemy;+;122
klemy;-;322
klemzyy;+;57
klemzyy;-;102
klipan;+;122
klipan;-;294
klmncizmek;+;52
klmncizmek;-;65
knight1987;+;113
knight1987;-;197
kobalt;+;21
kobalt;-;55
kobi23;+;15
kobi23;-;102
kobiiica;+;30
kobiiica;-;58
kok;+;20
kok;-;83
kokio;+;68
kokio;-;111
kokozaver;+;34
kokozaver;-;55
kolesar666a;+;63
kolesar666a;-;168
konjice;+;39
konjice;-;32
kop;+;28
kop;-;137
koperboy;+;38
koperboy;-;197
kopibrejk;+;23
kopibrejk;-;54
kopitarthegreat;+;47
kopitarthegreat;-;74
koren-prsmojen;+;14
koren-prsmojen;-;77
korenc;+;28
korenc;-;45
korosec19;+;27
korosec19;-;40
korotan;+;39
korotan;-;190
kosmatapazduha;+;71
kosmatapazduha;-;145
kozlevcar;+;38
kozlevcar;-;51
kozorog1973;+;91
kozorog1973;-;168
kralj-matja;+;34
kralj-matja;-;99
kralj-tvrtko;+;48
kralj-tvrtko;-;40
kramci;+;44
kramci;-;164
kraner-oquh;+;34
kraner-oquh;-;75
kreativni-hrvat;+;127
kreativni-hrvat;-;93
krjen3;+;88
krjen3;-;96
krkanm18;+;59
krkanm18;-;117
krkas;+;47
krkas;-;39
krosnjar;+;10
krosnjar;-;61
krpani;+;45
krpani;-;162
krumpek;+;33
krumpek;-;64
kucheysh;+;30
kucheysh;-;238
kum-50;+;28
kum-50;-;40
kumimonster;+;43
kumimonster;-;35
kunta-kinte;+;99
kunta-kinte;-;309
kuntekinte;+;28
kuntekinte;-;69
kurjac-jt6h;+;13
kurjac-jt6h;-;96
kurt-china;+;16
kurt-china;-;75
kvaternik;+;15
kvaternik;-;156
kwayzdey;+;43
kwayzdey;-;31
k_ris;+;22
k_ris;-;73
l-amolin;+;76
l-amolin;-;209
l-curek;+;52
l-curek;-;75
la-sonrisa;+;39
la-sonrisa;-;51
ladu;+;34
ladu;-;82
lascan1;+;39
lascan1;-;75
latamprle;+;47
latamprle;-;123
latex;+;33
latex;-;34
le-courage;+;28
le-courage;-;58
lechy;+;232
lechy;-;196
ledeni_-ioqs;+;52
ledeni_-ioqs;-;82
ledzeppelin;+;61
ledzeppelin;-;41
leftwinger;+;31
leftwinger;-;56
legenda3;+;149
legenda3;-;217
legenda7;+;157
legenda7;-;265
leomessi10;+;302
leomessi10;-;468
levak;+;58
levak;-;82
levkup;+;80
levkup;-;218
lfc;+;307
lfc;-;541
likid;+;15
likid;-;57
ljga;+;39
ljga;-;78
ljsn;+;47
ljsn;-;86
lmatja;+;116
lmatja;-;209
lojal;+;58
lojal;-;102
lookaaa;+;106
lookaaa;-;214
lord-of-d-rings;+;32
lord-of-d-rings;-;43
loucypher;+;67
loucypher;-;187
lovec-fq5z;+;21
lovec-fq5z;-;62
lo_pa__ta;+;68
lo_pa__ta;-;78
lu-yehi;+;19
lu-yehi;-;59
luisnani17;+;168
luisnani17;-;450
luka007;+;168
luka007;-;421
luka101;+;17
luka101;-;70
lukace5;+;76
lukace5;-;479
lwzr;+;19
lwzr;-;86
lzilzola;+;53
lzilzola;-;71
lzuti;+;20
lzuti;-;64
m-filter;+;23
m-filter;-;117
maaajcikaaa;+;73
maaajcikaaa;-;94
macek;+;49
macek;-;29
macupicu;+;20
macupicu;-;83
madnes;+;33
madnes;-;57
madobromakaj;+;42
madobromakaj;-;43
maestral-g4z8;+;15
maestral-g4z8;-;52
majkomila;+;36
majkomila;-;96
majster-22ev;+;52
majster-22ev;-;80
mala-jeb7;+;97
mala-jeb7;-;47
mali-metulj-ek;+;41
mali-metulj-ek;-;41
malidelnicar;+;56
malidelnicar;-;73
mamutar;+;23
mamutar;-;55
maniac-n0fb;+;33
maniac-n0fb;-;127
manrose-b8nd;+;19
manrose-b8nd;-;78
marialorca;+;60
marialorca;-;110
marjan91;+;37
marjan91;-;32
mark-22;+;50
mark-22;-;64
martin112;+;73
martin112;-;164
martinsk;+;36
martinsk;-;56
marvin42;+;25
marvin42;-;59
master;+;84
master;-;228
mat;+;32
mat;-;88
mate1234567890;+;206
mate1234567890;-;128
matej-kl28;+;26
matej-kl28;-;81
matjazp;+;228
matjazp;-;154
maxbernie;+;18
maxbernie;-;54
ma_ri_bor;+;53
ma_ri_bor;-;79
mcbobber;+;43
mcbobber;-;83
md-zz4b;+;50
md-zz4b;-;19
mdural-qyxm;+;23
mdural-qyxm;-;74
medo-9yoi;+;70
medo-9yoi;-;66
medoo-rglh;+;38
medoo-rglh;-;41
megla111;+;30
megla111;-;58
melanholik;+;18
melanholik;-;99
melitam;+;23
melitam;-;59
merjasec;+;13
merjasec;-;69
merlot;+;40
merlot;-;84
metk;+;22
metk;-;88
mha-78ad;+;26
mha-78ad;-;117
micesar;+;20
micesar;-;46
mid;+;31
mid;-;186
mihaj1-nq4s;+;19
mihaj1-nq4s;-;56
mihamiha23;+;49
mihamiha23;-;43
mihas;+;21
mihas;-;76
mihatirs;+;121
mihatirs;-;240
mike1825;+;25
mike1825;-;74
mike81;+;21
mike81;-;68
mikedean;+;126
mikedean;-;170
miki331;+;102
miki331;-;176
mikic007;+;40
mikic007;-;252
miki_miska;+;179
miki_miska;-;332
milanche;+;40
milanche;-;54
milenko-t34c;+;21
milenko-t34c;-;59
milmar;+;43
milmar;-;39
mindmaster;+;10
mindmaster;-;67
mirkoking;+;18
mirkoking;-;55
miroslav;+;27
miroslav;-;55
mjex;+;36
mjex;-;51
mlrncan;+;50
mlrncan;-;77
mocco;+;99
mocco;-;200
model-r1yn;+;18
model-r1yn;-;60
modzo;+;45
modzo;-;142
mojcd;+;35
mojcd;-;90
montebuba;+;62
montebuba;-;43
mooodeeel;+;28
mooodeeel;-;42
morgen;+;12
morgen;-;64
morgenstern-djl6;+;44
morgenstern-djl6;-;114
motorbreath;+;26
motorbreath;-;73
mp3ce;+;70
mp3ce;-;30
mprivse;+;32
mprivse;-;48
mr-d;+;253
mr-d;-;468
mr-miyagi;+;77
mr-miyagi;-;77
mr-pp;+;17
mr-pp;-;66
mrsepia;+;33
mrsepia;-;45
ms-dante;+;30
ms-dante;-;48
mu-ica;+;74
mu-ica;-;408
mucek113;+;74
mucek113;-;284
mui;+;26
mui;-;73
mulcon;+;120
mulcon;-;96
muribor;+;71
muribor;-;19
mushroom;+;84
mushroom;-;212
mzija10;+;57
mzija10;-;49
nacek;+;44
nacek;-;35
name59;+;37
name59;-;49
nanook-ljb1;+;29
nanook-ljb1;-;71
napo11;+;63
napo11;-;117
naugty-by-nature;+;73
naugty-by-nature;-;195
nb21;+;82
nb21;-;122
nbatv;+;51
nbatv;-;120
nellyville;+;52
nellyville;-;237
nemafiji;+;35
nemafiji;-;68
nenn0;+;15
nenn0;-;70
neo_;+;18
neo_;-;51
nerd;+;53
nerd;-;54
nikec3;+;253
nikec3;-;332
nim;+;44
nim;-;35
nincy2;+;38
nincy2;-;38
no72;+;199
no72;-;255
nocik;+;52
nocik;-;184
nody;+;117
nody;-;26
nogav1ca;+;32
nogav1ca;-;79
nomenestomen;+;59
nomenestomen;-;100
nordnung;+;40
nordnung;-;26
norigoban;+;55
norigoban;-;64
nowitzki41;+;28
nowitzki41;-;88
no_remorse;+;18
no_remorse;-;48
ntbul;+;25
ntbul;-;89
o-fenomeno;+;45
o-fenomeno;-;122
ocelot;+;33
ocelot;-;103
octopus;+;29
octopus;-;94
odklop-76;+;100
odklop-76;-;62
oildome;+;125
oildome;-;238
olimpija-3;+;9
olimpija-3;-;60
olimpija-63zr;+;26
olimpija-63zr;-;82
olimpija-no1;+;51
olimpija-no1;-;166
olimpijavsrcu;+;66
olimpijavsrcu;-;206
ol_im_pi_ja;+;34
ol_im_pi_ja;-;93
oneround;+;69
oneround;-;115
onzy25;+;106
onzy25;-;141
opec;+;45
opec;-;115
opteron;+;51
opteron;-;112
optimus;+;14
optimus;-;56
oxy;+;27
oxy;-;46
pacifist71;+;23
pacifist71;-;57
paganinis;+;53
paganinis;-;179
pahorcek;+;61
pahorcek;-;102
paperino;+;71
paperino;-;367
paradiznik;+;18
paradiznik;-;53
partibrejker;+;14
partibrejker;-;61
partyboy;+;107
partyboy;-;236
patrakadabra18;+;35
patrakadabra18;-;39
pd;+;17
pd;-;54
penyablaugrana;+;69
penyablaugrana;-;174
perice;+;49
perice;-;102
perlica;+;20
perlica;-;57
pesnik123;+;41
pesnik123;-;99
peter;+;70
peter;-;53
peters;+;46
peters;-;245
peter_skater;+;45
peter_skater;-;74
pezdicek;+;39
pezdicek;-;119
piatim69;+;25
piatim69;-;134
pigl;+;30
pigl;-;68
pikam_dopust;+;7
pikam_dopust;-;66
pingo69;+;86
pingo69;-;142
pingu5;+;35
pingu5;-;86
pingvi;+;71
pingvi;-;47
pingvini-slo;+;32
pingvini-slo;-;56
pinkfloyd123;+;168
pinkfloyd123;-;79
pistons_boy;+;84
pistons_boy;-;210
pitbull-m78b;+;42
pitbull-m78b;-;47
pixelbitch;+;176
pixelbitch;-;335
player-x;+;34
player-x;-;32
ples;+;66
ples;-;128
plexi;+;27
plexi;-;89
pnovak2;+;41
pnovak2;-;44
pokemon;+;51
pokemon;-;92
polo;+;22
polo;-;92
polymath;+;109
polymath;-;98
ponos;+;33
ponos;-;83
ponudnik;+;500
ponudnik;-;746
portnik1990;+;30
portnik1990;-;70
pravicni-hrvat;+;44
pravicni-hrvat;-;66
pravnik1971;+;196
pravnik1971;-;198
preprost2;+;31
preprost2;-;65
prim00z;+;55
prim00z;-;71
primos;+;96
primos;-;631
proteus-uh8x;+;51
proteus-uh8x;-;108
proven;+;30
proven;-;61
ptolomej;+;63
ptolomej;-;15
pumadrifter;+;26
pumadrifter;-;68
pureredneck;+;50
pureredneck;-;85
raff69;+;29
raff69;-;38
ralfi9;+;51
ralfi9;-;63
rambaldi;+;11
rambaldi;-;67
rap_coko;+;50
rap_coko;-;167
raven_;+;121
raven_;-;279
rdeci-valjar;+;94
rdeci-valjar;-;107
rdecinavijac;+;181
rdecinavijac;-;376
realna-slika;+;23
realna-slika;-;121
realtoreal;+;35
realtoreal;-;106
reddevil21;+;40
reddevil21;-;60
refik;+;22
refik;-;63
reflexaspire;+;23
reflexaspire;-;57
rexi09;+;43
rexi09;-;193
rexi888;+;47
rexi888;-;181
robby-g2ex;+;23
robby-g2ex;-;75
robert80;+;87
robert80;-;37
robi111;+;12
robi111;-;81
robi82;+;174
robi82;-;229
robimilan;+;35
robimilan;-;62
roc;+;31
roc;-;46
roccat;+;178
roccat;-;282
roccer;+;36
roccer;-;52
rok-kosir;+;156
rok-kosir;-;206
rok-ometala;+;16
rok-ometala;-;72
rok85;+;43
rok85;-;73
rokec;+;214
rokec;-;377
rokee;+;21
rokee;-;83
rokers;+;140
rokers;-;215
roko5;+;14
roko5;-;90
rokosan;+;81
rokosan;-;315
roky-62ik;+;37
roky-62ik;-;45
rolf;+;30
rolf;-;183
rond-i;+;26
rond-i;-;51
ronzi;+;44
ronzi;-;92
rookie75;+;47
rookie75;-;51
rooster;+;24
rooster;-;47
rosa-tina;+;22
rosa-tina;-;44
roxana-1u4j;+;89
roxana-1u4j;-;21
roxdegabba;+;156
roxdegabba;-;315
roxon;+;58
roxon;-;174
royalclub;+;58
royalclub;-;157
royayers;+;128
royayers;-;212
rudecorona;+;26
rudecorona;-;54
rudes;+;69
rudes;-;113
rui;+;20
rui;-;164
rumenige;+;65
rumenige;-;72
rush1;+;56
rush1;-;67
ryan;+;69
ryan;-;80
samburin;+;25
samburin;-;45
samo-zakes;+;227
samo-zakes;-;670
samsa;+;142
samsa;-;221
samsvojmojster;+;47
samsvojmojster;-;87
sandie;+;95
sandie;-;93
sandro105105;+;25
sandro105105;-;42
sauromon;+;53
sauromon;-;55
scenic;+;810
scenic;-;1141
schawlly;+;106
schawlly;-;273
schickeria;+;41
schickeria;-;104
scouser268;+;154
scouser268;-;200
sejnik;+;25
sejnik;-;58
sela666;+;22
sela666;-;73
semrola;+;102
semrola;-;169
senna-maze-28;+;1723
senna-maze-28;-;1552
sentinelslo;+;36
sentinelslo;-;76
seo-away;+;74
seo-away;-;93
sf010;+;84
sf010;-;155
shadyman;+;61
shadyman;-;118
shambala;+;33
shambala;-;86
sharkaa;+;35
sharkaa;-;37
sharkyslo;+;76
sharkyslo;-;114
shearer-alan;+;35
shearer-alan;-;133
shostakovich;+;27
shostakovich;-;40
shotup3;+;346
shotup3;-;80
sibid;+;57
sibid;-;100
siggi;+;35
siggi;-;106
sik;+;59
sik;-;98
simon1;+;16
simon1;-;58
sinanfakic;+;51
sinanfakic;-;40
sintaksa;+;18
sintaksa;-;73
sking;+;69
sking;-;94
skodaoctavia;+;96
skodaoctavia;-;87
skoviik;+;13
skoviik;-;58
skunex;+;10
skunex;-;56
skunexl;+;36
skunexl;-;133
slamic;+;20
slamic;-;79
slavkodobrina;+;140
slavkodobrina;-;100
slavkoklobasa;+;26
slavkoklobasa;-;87
slofanaticos;+;29
slofanaticos;-;59
slokid;+;67
slokid;-;82
slovenc-85;+;41
slovenc-85;-;34
slovenc-pa-pol;+;215
slovenc-pa-pol;-;248
slovencelj-dak2;+;14
slovencelj-dak2;-;69
slovenka333;+;28
slovenka333;-;57
slycer;+;165
slycer;-;316
smajly;+;54
smajly;-;103
smithex;+;55
smithex;-;129
smooth-criminal;+;90
smooth-criminal;-;33
snowman-uq6i;+;61
snowman-uq6i;-;75
solocare;+;78
solocare;-;117
sonce12;+;208
sonce12;-;162
sonet7;+;53
sonet7;-;84
soni;+;29
soni;-;63
soulstripper;+;33
soulstripper;-;63
sp-2006;+;35
sp-2006;-;36
spacapan;+;72
spacapan;-;64
speedy_slo;+;32
speedy_slo;-;64
spf-xxii;+;41
spf-xxii;-;120
spiridon;+;57
spiridon;-;98
spiritus-b86g;+;34
spiritus-b86g;-;76
spook;+;83
spook;-;152
sportfan-u8h4;+;93
sportfan-u8h4;-;40
sporties;+;80
sporties;-;220
sportomanokin;+;75
sportomanokin;-;147
sprehajalec;+;23
sprehajalec;-;46
sr;+;23
sr;-;75
srajzel;+;35
srajzel;-;51
sroupamarkelateu;+;22
sroupamarkelateu;-;72
srsly;+;47
srsly;-;39
stanka;+;68
stanka;-;65
stanolio;+;16
stanolio;-;69
stein;+;33
stein;-;67
stern4president;+;28
stern4president;-;179
stevic;+;44
stevic;-;42
stevsineumni;+;220
stevsineumni;-;364
stewie;+;26
stewie;-;86
stezosledec;+;115
stezosledec;-;281
storz;+;64
storz;-;118
suarez_7;+;32
suarez_7;-;49
sudija;+;37
sudija;-;87
sunken;+;185
sunken;-;85
sunshine-iff0;+;24
sunshine-iff0;-;47
svelenau;+;126
svelenau;-;88
svindal;+;48
svindal;-;31
sysop;+;65
sysop;-;77
t-bag;+;20
t-bag;-;47
t1000;+;37
t1000;-;101
tajkun08;+;17
tajkun08;-;60
tedy123;+;28
tedy123;-;186
telzak;+;36
telzak;-;155
tennis-gs;+;85
tennis-gs;-;79
tetka;+;19
tetka;-;82
the-angerfist;+;46
the-angerfist;-;36
the-magician;+;126
the-magician;-;54
the-metnek;+;134
the-metnek;-;169
the-stig;+;204
the-stig;-;715
thegrit;+;45
thegrit;-;56
thenomad;+;138
thenomad;-;444
thesteve;+;79
thesteve;-;83
tifoz;+;82
tifoz;-;10
tiger983;+;33
tiger983;-;178
tigercek;+;63
tigercek;-;418
tily;+;423
tily;-;515
timotej-rupar;+;41
timotej-rupar;-;70
timoti;+;93
timoti;-;151
timson2;+;12
timson2;-;57
timus;+;34
timus;-;118
tinkolo;+;44
tinkolo;-;40
ti_si_nula;+;40
ti_si_nula;-;54
tmlb;+;45
tmlb;-;43
tojo21;+;86
tojo21;-;111
toldo;+;163
toldo;-;448
tomek11;+;53
tomek11;-;58
tomi76;+;16
tomi76;-;52
toming;+;119
toming;-;103
tomjaz11;+;319
tomjaz11;-;313
tomquick;+;25
tomquick;-;45
toni-gruden;+;26
toni-gruden;-;57
toni66;+;44
toni66;-;46
toni77;+;51
toni77;-;133
topko86;+;25
topko86;-;59
toset1;+;31
toset1;-;37
totifakin;+;29
totifakin;-;41
tracer;+;57
tracer;-;84
troha;+;109
troha;-;109
tuditi;+;138
tuditi;-;1007
turbogas1;+;20
turbogas1;-;83
turbolimach;+;68
turbolimach;-;90
twofours44;+;37
twofours44;-;32
u-n;+;58
u-n;-;240
ufo1987;+;80
ufo1987;-;108
ulikses_;+;104
ulikses_;-;335
ultimojan;+;30
ultimojan;-;85
urban2309;+;208
urban2309;-;221
urko;+;41
urko;-;100
urko23;+;9
urko23;-;63
uros23;+;76
uros23;-;52
urosh444;+;18
urosh444;-;60
urosq;+;50
urosq;-;18
uruhart;+;28
uruhart;-;143
userol-lj;+;40
userol-lj;-;42
v-slog;+;65
v-slog;-;41
vaati;+;371
vaati;-;556
van-gol;+;16
van-gol;-;87
varda-e7bj;+;41
varda-e7bj;-;133
varjanta-b;+;33
varjanta-b;-;51
vasia;+;46
vasia;-;27
vaza;+;54
vaza;-;109
veeert;+;146
veeert;-;163
veleje;+;54
veleje;-;242
veliki_globus;+;38
veliki_globus;-;41
venatoridrih;+;5
venatoridrih;-;76
verbatim989;+;113
verbatim989;-;313
veron;+;22
veron;-;109
veteraninsin;+;27
veteraninsin;-;78
veza;+;37
veza;-;131
victory-80;+;157
victory-80;-;29
viktoriana;+;40
viktoriana;-;77
violacity;+;24
violacity;-;60
virgino;+;12
virgino;-;106
vitez;+;42
vitez;-;53
vito-corleone-2h0z;+;35
vito-corleone-2h0z;-;67
voly;+;205
voly;-;256
vombat98;+;270
vombat98;-;570
vonko;+;44
vonko;-;62
vozek;+;57
vozek;-;138
vremenko-1gct;+;115
vremenko-1gct;-;129
vseved-7sqi;+;24
vseved-7sqi;-;52
vslivnje;+;263
vslivnje;-;269
vzhodna_tribuna;+;63
vzhodna_tribuna;-;125
warbird;+;35
warbird;-;87
wasabi;+;85
wasabi;-;260
wayne-rooney;+;10
wayne-rooney;-;63
waynerooney10;+;23
waynerooney10;-;58
webb;+;90
webb;-;247
webmaher;+;308
webmaher;-;272
wesley90;+;49
wesley90;-;194
westernboy;+;25
westernboy;-;96
wisan;+;31
wisan;-;216
xavi-xs2h;+;15
xavi-xs2h;-;70
xp;+;290
xp;-;541
xskip;+;88
xskip;-;34
yani;+;19
yani;-;58
yozo;+;17
yozo;-;49
zabice;+;86
zabice;-;227
zablujenc18;+;91
zablujenc18;-;88
zahodnjak;+;61
zahodnjak;-;307
zamudnik;+;268
zamudnik;-;726
zarman;+;96
zarman;-;308
zbornaja-komanda;+;36
zbornaja-komanda;-;129
zbornaya-komanda;+;178
zbornaya-komanda;-;454
ze-spet-jest;+;60
ze-spet-jest;-;82
zek;+;66
zek;-;103
zekinho;+;44
zekinho;-;103
zelko289;+;48
zelko289;-;28
zetes;+;105
zetes;-;342
zeus08;+;73
zeus08;-;25
zgodovina-sveta;+;49
zgodovina-sveta;-;108
ziavenelioshe;+;28
ziavenelioshe;-;52
ziga307;+;48
ziga307;-;31
zike;+;6
zike;-;112
zizou-us24;+;115
zizou-us24;-;403
zlobni-genij;+;123
zlobni-genij;-;204
zmaj-lj;+;44
zmaj-lj;-;71
znalec1;+;57
znalec1;-;82
zogg;+;126
zogg;-;131
zogi;+;39
zogi;-;178
zuco;+;39
zuco;-;156
zufer;+;20
zufer;-;103
zugec;+;23
zugec;-;222
zumba142;+;32
zumba142;-;82
zverck;+;28
zverck;-;133
zwook;+;59
zwook;-;64
zyga;+;29
zyga;-;104
_50centy_;+;67
_50centy_;-;134
_olimpija_;+;46
_olimpija_;-;71
